RMSE,MAE,R2,Inference Time
88762.14289272192,17685.30997818213,0.7712615153343195,2.496464307918105e-05
89504.16465881284,17956.455529525912,0.7674211760339484,2.4150277293005656e-05
89047.14196930538,18160.135883463827,0.7697902819502994,3.2955130865407546e-05
88540.22104139578,18230.0131560029,0.7724038629395693,2.45148359343063e-05
89280.79389629228,17643.471459051474,0.7685805965681674,2.8054381525793742e-05
