MAE,RMSE,R² Score,Underestimation Rate,APA,Inference Time
66264.83303087812,136306.3255342368,-0.34886397582848505,0.27325581395348836,0.5785494065814211,0.046349043069883834
