RMSE,MAE,R2,Inference Time
8277.04712171629,1603.7445418613202,0.49635347728327217,1.4377344190802744e-05
8305.024993233295,1597.5211685396164,0.49294289559884485,2.0458553246939706e-06
7907.6182107833865,1563.9359862901829,0.5403086091819758,2.8687702539488187e-06
8350.477783242963,1594.7289219089353,0.4873775353951608,1.8689900264660628e-06
8165.018928839183,1573.6847625773548,0.509894725639698,2.3865950138280244e-06
