MAE,RMSE,R² Score,Underestimation Rate,APA,Inference Time
2336.4175952044434,6297.89401004954,0.5418824953474557,0.16207648107786804,0.7632985540449982,0.043340177235566484
